{"stats":{"minecraft:killed":{"minecraft:pig":1,"minecraft:cow":1},"minecraft:mined":{"minecraft:grass":7,"minecraft:oak_log":7,"minecraft:tall_grass":6,"minecraft:pumpkin":1},"minecraft:crafted":{"minecraft:oak_planks":28,"minecraft:crafting_table":1,"minecraft:stick":4},"minecraft:used":{"minecraft:crafting_table":1,"minecraft:egg":1,"minecraft:potato":12},"minecraft:picked_up":{"minecraft:pumpkin":1,"minecraft:wheat_seeds":2,"minecraft:porkchop":1,"minecraft:beef":2,"minecraft:oak_log":7,"minecraft:egg":1},"minecraft:custom":{"minecraft:time_since_rest":17636,"minecraft:open_chest":1,"minecraft:crouch_one_cm":196,"minecraft:play_time":17636,"minecraft:sprint_one_cm":40577,"minecraft:damage_taken":220,"minecraft:walk_one_cm":61356,"minecraft:sneak_time":56,"minecraft:mob_kills":2,"minecraft:jump":104,"minecraft:damage_dealt":486,"minecraft:time_since_death":17636,"minecraft:total_world_time":17636,"minecraft:climb_one_cm":1414,"minecraft:interact_with_crafting_table":1,"minecraft:talked_to_villager":1,"minecraft:fall_one_cm":3100,"minecraft:fly_one_cm":11311}},"DataVersion":3465}