{"stats":{"minecraft:killed":{"minecraft:sheep":2,"minecraft:pig":1,"minecraft:chicken":1,"minecraft:cow":3},"minecraft:mined":{"minecraft:pumpkin":1,"minecraft:crafting_table":1,"minecraft:grass":14,"minecraft:oak_log":7,"minecraft:tall_grass":7,"minecraft:stone":5},"minecraft:crafted":{"minecraft:cooked_beef":7,"minecraft:wooden_sword":1,"minecraft:oak_planks":28,"minecraft:cooked_porkchop":1,"minecraft:crafting_table":1,"minecraft:stick":8,"minecraft:wooden_pickaxe":1,"minecraft:cooked_chicken":1,"minecraft:wooden_axe":1,"minecraft:cooked_mutton":4},"minecraft:used":{"minecraft:cooked_mutton":1,"minecraft:wooden_pickaxe":5,"minecraft:wooden_sword":10,"minecraft:crafting_table":1,"minecraft:cooked_beef":1,"minecraft:egg":1,"minecraft:potato":12},"minecraft:picked_up":{"paraglider:paraglider":1,"minecraft:crafting_table":1,"minecraft:feather":2,"minecraft:chicken":1,"minecraft:pumpkin":1,"minecraft:leather":3,"minecraft:porkchop":1,"minecraft:oak_log":7,"minecraft:wheat_seeds":5,"minecraft:beef":7,"minecraft:gray_wool":1,"minecraft:mutton":3,"minecraft:white_wool":1,"minecraft:cobblestone":5,"minecraft:egg":3},"minecraft:custom":{"minecraft:time_since_rest":29636,"minecraft:sprint_one_cm":77941,"minecraft:damage_taken":270,"minecraft:walk_one_cm":100126,"minecraft:mob_kills":7,"minecraft:damage_dealt":924,"minecraft:talked_to_villager":1,"minecraft:interact_with_crafting_table":6,"minecraft:fly_one_cm":23468,"minecraft:open_chest":1,"minecraft:crouch_one_cm":196,"minecraft:play_time":29636,"minecraft:sneak_time":56,"minecraft:jump":186,"minecraft:time_since_death":29636,"minecraft:interact_with_smoker":5,"minecraft:climb_one_cm":1414,"minecraft:total_world_time":29636,"minecraft:fall_one_cm":3644}},"DataVersion":3465}