{"stats":{"minecraft:killed":{"minecraft:skeleton":1,"minecraft:zombie":1,"minecraft:cow":4},"minecraft:killed_by":{"minecraft:skeleton":1},"minecraft:mined":{"minecraft:hay_block":16,"minecraft:birch_log":6,"minecraft:birch_leaves":2,"minecraft:grass":9,"minecraft:oak_log":12,"minecraft:chest":1,"minecraft:tall_grass":3,"minecraft:oak_leaves":5},"minecraft:crafted":{"paraglider:paraglider":2,"minecraft:oak_planks":24,"minecraft:crafting_table":1,"minecraft:stick":12,"minecraft:birch_planks":24},"minecraft:used":{"minecraft:bread":3,"minecraft:mutton":1,"minecraft:hay_block":13,"minecraft:crafting_table":1},"minecraft:dropped":{"paraglider:paraglider":1},"minecraft:picked_up":{"minecraft:book":1,"minecraft:birch_log":6,"minecraft:stick":1,"minecraft:leather":6,"minecraft:potato":3,"minecraft:oak_log":12,"minecraft:bone":2,"minecraft:arrow":2,"minecraft:wheat_seeds":2,"minecraft:hay_block":23,"minecraft:beef":4,"minecraft:bread":3,"minecraft:oak_sapling":1,"minecraft:chest":1,"minecraft:mutton":2,"minecraft:white_wool":1,"minecraft:egg":2},"minecraft:custom":{"minecraft:time_since_rest":0,"minecraft:sprint_one_cm":61843,"minecraft:damage_taken":350,"minecraft:walk_one_cm":38935,"minecraft:mob_kills":6,"minecraft:drop":1,"minecraft:damage_dealt":605,"minecraft:interact_with_crafting_table":3,"minecraft:talked_to_villager":1,"minecraft:fly_one_cm":73978,"minecraft:open_chest":2,"minecraft:crouch_one_cm":272,"minecraft:play_time":27554,"minecraft:deaths":1,"minecraft:sneak_time":68,"minecraft:jump":359,"minecraft:leave_game":3,"minecraft:walk_on_water_one_cm":1382,"minecraft:time_since_death":22380,"minecraft:sleep_in_bed":1,"minecraft:interact_with_smoker":1,"minecraft:total_world_time":27554,"minecraft:fall_one_cm":6419}},"DataVersion":3465}