{"stats":{"minecraft:killed":{"minecraft:skeleton":1,"minecraft:zombie":1,"minecraft:cow":3},"minecraft:killed_by":{"minecraft:skeleton":1},"minecraft:mined":{"minecraft:hay_block":3,"minecraft:birch_log":6,"minecraft:birch_leaves":2,"minecraft:grass":5,"minecraft:oak_log":12,"minecraft:chest":1,"minecraft:oak_leaves":5},"minecraft:crafted":{"paraglider:paraglider":1,"minecraft:oak_planks":24,"minecraft:crafting_table":1,"minecraft:stick":8},"minecraft:used":{"minecraft:bread":3,"minecraft:mutton":1,"minecraft:crafting_table":1},"minecraft:picked_up":{"minecraft:book":1,"minecraft:birch_log":6,"minecraft:stick":1,"minecraft:leather":4,"minecraft:potato":3,"minecraft:oak_log":12,"minecraft:bone":2,"minecraft:arrow":2,"minecraft:wheat_seeds":1,"minecraft:hay_block":10,"minecraft:beef":3,"minecraft:bread":3,"minecraft:oak_sapling":1,"minecraft:chest":1,"minecraft:mutton":2,"minecraft:white_wool":1,"minecraft:egg":2},"minecraft:custom":{"minecraft:time_since_rest":10407,"minecraft:sprint_one_cm":46153,"minecraft:damage_taken":350,"minecraft:walk_one_cm":29671,"minecraft:mob_kills":5,"minecraft:damage_dealt":450,"minecraft:interact_with_crafting_table":2,"minecraft:talked_to_villager":1,"minecraft:fly_one_cm":42309,"minecraft:open_chest":2,"minecraft:crouch_one_cm":272,"minecraft:play_time":15554,"minecraft:deaths":1,"minecraft:sneak_time":64,"minecraft:jump":220,"minecraft:leave_game":3,"minecraft:walk_on_water_one_cm":1382,"minecraft:time_since_death":10380,"minecraft:interact_with_smoker":1,"minecraft:total_world_time":15554,"minecraft:fall_one_cm":4956}},"DataVersion":3465}