{"stats":{"minecraft:killed":{"minecraft:skeleton":1,"minecraft:zombie":1},"minecraft:killed_by":{"minecraft:skeleton":1},"minecraft:mined":{"minecraft:grass":1,"minecraft:oak_log":6,"minecraft:birch_log":6,"minecraft:birch_leaves":2,"minecraft:oak_leaves":3},"minecraft:picked_up":{"minecraft:birch_log":6,"minecraft:stick":1,"minecraft:arrow":2,"minecraft:bone":2,"minecraft:oak_log":6,"minecraft:mutton":2,"minecraft:white_wool":1},"minecraft:custom":{"minecraft:time_since_rest":1405,"minecraft:deaths":1,"minecraft:crouch_one_cm":176,"minecraft:sprint_one_cm":21139,"minecraft:play_time":6552,"minecraft:damage_taken":240,"minecraft:walk_one_cm":10970,"minecraft:sneak_time":34,"minecraft:mob_kills":2,"minecraft:jump":82,"minecraft:damage_dealt":126,"minecraft:leave_game":3,"minecraft:walk_on_water_one_cm":1382,"minecraft:time_since_death":1378,"minecraft:total_world_time":6552,"minecraft:fall_one_cm":1888,"minecraft:fly_one_cm":16359}},"DataVersion":3465}